{"loss": 0.8724836707115173, "_timestamp": 1701805329.5514004, "_runtime": 72.1428153514862, "_step": 49}