{"loss": 0.4777269959449768, "_timestamp": 1701805240.6843536, "_runtime": 237.63142251968384, "_step": 146, "_wandb": {"runtime": 196}}